android@@$^https://click.linksynergy.com/deeplink?id=jU79Zysihs4&mid=39197&murl=https://www.udemy.com/complete-android-n-developer-course/,http://web.stanford.edu/class/cs193a/videos.shtml,https://www.youtube.com/playlist?list=PLonJJ3BVjZW6CtAMbJz1XD8ELUs1KXaTD,https://developer.android.com/training/index.html,http://www.vogella.com/tutorials/android.html,https://click.linksynergy.com/deeplink?id=jU79Zysihs4&mid=39197&murl=https://www.udemy.com/learn-android-programming-from-scratch-beta/,https://www.youtube.com/playlist?list=PLonJJ3BVjZW6hYgvtkaWvwAVvOFB7fkLa,https://www.youtube.com/playlist?list=PL6gx4Cwl9DGBsvRxJJOzG4r4k_zLKrnxl,https://www.udacity.com/course/android-development-for-beginners--ud837,https://click.linksynergy.com/deeplink?id=jU79Zysihs4&mid=39197&murl=https://www.udemy.com/master-android-7-nougat-java-app-development-step-by-step,https://www.udacity.com/course/android-basics-nanodegree-by-google--nd803
angularjs@@$^https://click.linksynergy.com/deeplink?id=jU79Zysihs4&mid=39197&murl=https://www.udemy.com/the-complete-guide-to-angular-2/,https://www.codeschool.com/courses/shaping-up-with-angularjs,https://click.linksynergy.com/deeplink?id=jU79Zysihs4&mid=39197&murl=https://www.udemy.com/the-complete-angular-master-class/,https://www.youtube.com/watch?v=i9MHigUZKEM,https://click.linksynergy.com/deeplink?id=jU79Zysihs4&mid=39197&murl=https://www.udemy.com/the-complete-guide-to-angular-2/,https://egghead.io/articles/new-to-angularjs-start-learning-here,https://www.youtube.com/watch?v=TRrL5j3MIvo,http://learnangular2.com/,http://learn-angular.org/,https://blog.thoughtram.io/exploring-angular-2/,http://www.w3schools.com/angular/
spark@@$^https://www.datacamp.com/community/tutorials/apache-spark-python#gs.fMIIqxM,https://click.linksynergy.com/deeplink?id=jU79Zysihs4&mid=39197&murl=https://www.udemy.com/spark-and-python-for-big-data-with-pyspark/,https://click.linksynergy.com/deeplink?id=jU79Zysihs4&mid=39197&murl=https://www.udemy.com/taming-big-data-with-apache-spark-hands-on/,https://click.linksynergy.com/deeplink?id=jU79Zysihs4&mid=39197&murl=https://www.udemy.com/apache-spark-with-scala-hands-on-with-big-data/,https://www.youtube.com/playlist?list=PL-x35fyliRwhKT-NpTKprPW1bkbdDcTTW
asp.net@@$^http://www.asp.net/mvc/overview/getting-started/introduction/getting-started,https://click.linksynergy.com/deeplink?id=jU79Zysihs4&mid=39197&murl=https://www.udemy.com/the-complete-aspnet-mvc-5-course/,http://www.microsoftvirtualacademy.com/training-courses/introduction-to-asp-net-mvc,https://www.pluralsight.com/courses/full-stack-dot-net-developer-fundamentals,http://www.youtube.com/playlist?list=PL6n9fhu94yhXQS_p1i-HLIftB9Y7Vnxlo,https://www.codeschool.com/courses/try-asp-net-core,http://treehouse.7eer.net/c/383034/228915/3944?u=https://teamtreehouse.com/microsoft?cid=7352,http://www.csharp-station.com/Tutorial/AdoDotNet,https://pluralsight.com/training/Player?author=scott-allen&name=aspdotnet-mvc5-fundamentals-m1-introduction&mode=live&clip=0&course=aspdotnet-mvc5-fundamentals,https://mva.microsoft.com/learning-path/aspnet-core-6
backbone.js@@$^http://www.joezimjs.com/javascript/introduction-to-backbone-js-part-1-models-video-tutorial/,https://click.linksynergy.com/deeplink?id=jU79Zysihs4&mid=39197&murl=https://www.udemy.com/backbonejs-tutorial/,http://www.tutorialspoint.com/backbonejs/index.htm,https://www.youtube.com/playlist?list=PLCE344BDBD8FAC282,https://www.youtube.com/watch?v=zGu7tkqPRpA,http://addyosmani.github.io/backbone-fundamentals/,https://bardevblog.wordpress.com/2012/01/16/understanding-backbone-js-simple-example/,http://backbonejs.org/docs/todos.html,https://www.youtube.com/watch?v=ig-zWy0moAw,https://singlepagebook.supportbee.com/
bootstrap@@$^http://www.tutorialrepublic.com/twitter-bootstrap-tutorial/,http://mdbootstrap.com/bootstrap-tutorial/,https://click.linksynergy.com/deeplink?id=jU79Zysihs4&mid=39197&murl=https://www.udemy.com/learn-bootstrap-development-by-building-10-projects/,https://www.youtube.com/watch?v=5GcQtLDGXy8,https://medium.freecodecamp.org/bootstrap-4-everything-you-need-to-know-c750991f6784,https://www.quackit.com/bootstrap/bootstrap_4/tutorial/,https://www.youtube.com/playlist?list=PLUoqTnNH-2XyNhhLuYrrmrmV46jVw6RHF,https://bootstrapcreative.com/shop/bootstrap-quick-start/
c@@$^https://click.linksynergy.com/deeplink?id=jU79Zysihs4&mid=39197&murl=https://www.udemy.com/advanced-c-programming-pointers/,https://learncodethehardway.org/c/,https://click.linksynergy.com/deeplink?id=jU79Zysihs4&mid=39197&murl=https://www.udemy.com/c-programming-for-beginners/,https://www.youtube.com/playlist?list=PL6gx4Cwl9DGAKIXv8Yr6nhGJ9Vlcjyymq,http://www.geeksforgeeks.org/c/,http://cslibrary.stanford.edu/101/,https://www.youtube.com/playlist?list=PLkB3phqR3X40reMCBYSoNUPbDvM4kybMs,https://click.linksynergy.com/deeplink?id=jU79Zysihs4&mid=39197&murl=https://www.udemy.com/advanced-c-programming-pointers/,http://www.buildyourownlisp.com/contents,http://markburgess.org/CTutorial/GNU-ctut.pdf,http://advancedlinuxprogramming.com/alp-folder/
c sharp@@$^https://click.linksynergy.com/deeplink?id=jU79Zysihs4&mid=39197&murl=https://www.udemy.com/csharp-tutorial-for-beginners/,https://www.youtube.com/playlist?list=PL0EE421AE8BCEBA4A,http://www.robmiles.com/c-yellow-book/,http://channel9.msdn.com/Series/C-Fundamentals-for-Absolute-Beginners,https://click.linksynergy.com/deeplink?id=jU79Zysihs4&mid=39197&murl=https://www.udemy.com/csharp-advanced/,https://click.linksynergy.com/deeplink?id=jU79Zysihs4&mid=39197&murl=https://www.udemy.com/csharp-intermediate-classes-interfaces-and-oop/,https://click.linksynergy.com/deeplink?id=jU79Zysihs4&mid=39197&murl=https://www.udemy.com/programming-for-complete-beginners-in-csharp/,http://www.microsoftvirtualacademy.com/training-courses/developer-training-with-programming-in-c,http://www.csharp-station.com/Tutorial/CSharp/SmartConsoleSetup.aspx,https://click.linksynergy.com/deeplink?id=jU79Zysihs4&mid=39197&murl=https://www.udemy.com/csharpbasics/,https://mva.microsoft.com/en-us/training-courses/c-fundamentals-for-absolute-beginners-16169
c pp@@$^https://click.linksynergy.com/deeplink?id=jU79Zysihs4&mid=39197&murl=https://www.udemy.com/learn-advanced-c-programming/,http://www.learncpp.com,https://www.youtube.com/playlist?list=PLAE85DE8440AA6B83,https://click.linksynergy.com/deeplink?id=jU79Zysihs4&mid=39197&murl=https://www.udemy.com/video-course-c-from-beginner-to-expert/,http://www.youtube.com/playlist?list=PL1D10C030FDCE7CE0,https://www.sololearn.com/Course/CPlusPlus/,https://www.youtube.com/watch?v=Rub-JsjMhWY&hd=1,https://click.linksynergy.com/deeplink?id=jU79Zysihs4&mid=40328&murl=https://www.coursera.org/learn/c-plus-plus-a,http://www.icce.rug.nl/documents/cplusplus/,https://www.pluralsight.com/paths/c-plus-plus,https://www.amazon.com/Primer-5th-Stanley-B-Lippman/dp/0321714113/?tag=lenro-20
cassandra@@$^https://click.linksynergy.com/deeplink?id=jU79Zysihs4&mid=39197&murl=https://www.udemy.com/apache-cassandra/,https://www.amazon.com/Cassandra-Definitive-Guide-Distributed-Scale/dp/1491933666/?tag=lenro-20,http://www.tutorialspoint.com/cassandra/index.htm
django@@$^https://click.linksynergy.com/deeplink?id=jU79Zysihs4&mid=39197&murl=https://www.udemy.com/django-core/,http://www.tangowithdjango.com/,http://tutorial.djangogirls.org/en/index.html,https://docs.djangoproject.com/en/1.10/intro/overview/,https://click.linksynergy.com/deeplink?id=jU79Zysihs4&mid=39197&murl=https://www.udemy.com/python-and-django-full-stack-web-developer-bootcamp/,http://djangobook.com/the-django-book/,https://www.youtube.com/watch?list=PLQVvvaa0QuDeA05ZouE4OzDYLHY-XH-Nd&v=FNQxxpM1yOs,https://www.youtube.com/watch?v=yfgsklK_yFo&list=PLEsfXFp6DpzQFqfCur9CJ4QnKQTVXUsRy,https://www.youtube.com/playlist?list=PL6gx4Cwl9DGBlmzzFcLgDhKTTfNLfX1IK,https://simpleisbetterthancomplex.com/series/beginners-guide/1.11/,https://developer.mozilla.org/en-US/docs/Learn/Server-side/Django
elasticsearch@@$^https://click.linksynergy.com/deeplink?id=jU79Zysihs4&mid=39197&murl=https://www.udemy.com/elasticsearch-and-elastic-stack-in-depth-and-hands-on/,https://www.elastic.co/webinars/getting-started-elasticsearch?baymax=default&storm=cta1&elektra=home,https://click.linksynergy.com/deeplink?id=jU79Zysihs4&mid=39197&murl=https://www.udemy.com/complete-elasticsearch-masterclass-with-kibana-and-logstash/,https://www.elastic.co/guide/en/elasticsearch/guide/current/index.html
elixir@@$^https://elixirschool.com/en/,https://blog.openbloc.fr/elixir-web-development-101-first-steps/,https://click.linksynergy.com/deeplink?id=jU79Zysihs4&mid=39197&murl=https://www.udemy.com/the-complete-elixir-and-phoenix-bootcamp-and-tutorial/,https://joyofelixir.com/toc.html,https://www.youtube.com/playlist?list=PLaY7qWIrmqtFoZLvOvYRZG5hl367UybRp,https://www.youtube.com/playlist?list=PLJbE2Yu2zumAgKjSPyFtvYjP5LqgzafQq,https://www.youtube.com/watch?v=pBNOavRoNL0,https://elixir-lang.org/getting-started/introduction.html,https://www.ludu.co/course/discover-elixir-phoenix,https://www.learnelixir.tv
flask@@$^https://click.linksynergy.com/deeplink?id=jU79Zysihs4&mid=39197&murl=https://www.udemy.com/the-build-a-saas-app-with-flask-course/,https://blog.miguelgrinberg.com/post/the-flask-mega-tutorial-part-i-hello-world,https://pythonprogramming.net/practical-flask-introduction/,http://www.microsoftvirtualacademy.com/training-courses/introduction-to-creating-websites-using-python-and-flask,https://click.linksynergy.com/deeplink?id=jU79Zysihs4&mid=39197&murl=https://www.udemy.com/the-build-a-saas-app-with-flask-course/,http://flask.pocoo.org/docs/0.11/tutorial/#tutorial,https://www.youtube.com/watch?v=WfpFUmV1d0w&list=PLLjmbh6XPGK4ISY747FUHXEl9lBxre4mM,http://flask.pocoo.org/docs/0.10/quickstart/#quickstart,https://exploreflask.com,https://www.tutorialspoint.com/flask/flask_quick_guide.htm,https://www.digitalocean.com/community/tutorials/how-to-structure-large-flask-applications
git@@$^https://click.linksynergy.com/deeplink?id=jU79Zysihs4&mid=39197&murl=https://www.udemy.com/git-complete/,http://git-scm.com/book/en/v2,http://gitimmersion.com/,https://www.atlassian.com/git/tutorials/,http://rogerdudler.github.io/git-guide/,https://click.linksynergy.com/deeplink?id=jU79Zysihs4&mid=39197&murl=https://www.udemy.com/git-complete/,http://vimeo.com/17118008,https://github.com/pluralsight/git-internals-pdf,http://think-like-a-git.net/,http://vimeo.com/16395537,https://learngitbranching.js.org/
go@@$^https://click.linksynergy.com/deeplink?id=jU79Zysihs4&mid=39197&murl=https://www.udemy.com/learn-how-to-code/,https://gobyexample.com/,http://astaxie.gitbooks.io/build-web-application-with-golang/content/en/index.html,https://tour.golang.org/,http://openmymind.net/The-Little-Go-Book/,https://click.linksynergy.com/deeplink?id=jU79Zysihs4&mid=39197&murl=https://www.udemy.com/learn-how-to-code/,https://click.linksynergy.com/deeplink?id=jU79Zysihs4&mid=39197&murl=https://www.udemy.com/go-programming-language/,http://www.golang-book.com/,http://www.golangbootcamp.com/book,https://www.amazon.com/Network-Programming-Go-Essential-Securing/dp/1484226917/?tag=lenro-20,http://miek.nl/go/
haskell@@$^http://learnyouahaskell.com/chapters,http://book.realworldhaskell.org/read/,http://www.seas.upenn.edu/~cis194/,https://click.linksynergy.com/deeplink?id=jU79Zysihs4&mid=39197&murl=https://www.udemy.com/learning-haskell-programming/,https://www.fpcomplete.com/school/starting-with-haskell/haskell-fast-hard,http://haskellbook.com,https://www.youtube.com/playlist?list=PLA6CF1CC303C49F02,http://learn.hfm.io/,http://haskell.cs.yale.edu/wp-content/uploads/2015/03/HSoM.pdf,https://www.haskell.org/tutorial/
html@@$^https://click.linksynergy.com/deeplink?id=jU79Zysihs4&mid=40328&murl=https://www.coursera.org/learn/html,https://www.youtube.com/playlist?list=PLuHgQVnccGMDUzDDCKW-pCZQY-MMCX5yB,http://diveintohtml5.info/,https://www.youtube.com/playlist?list=PLgGbWId6zgaWZkPFI4Sc9QXDmmOWa1v5F,https://www.khanacademy.org/computing/computer-programming/html-css,https://click.linksynergy.com/deeplink?id=jU79Zysihs4&mid=39197&murl=https://www.udemy.com/design-and-develop-a-killer-website-with-html5-and-css3/,https://www.codecademy.com/learn/learn-html-css,https://click.linksynergy.com/deeplink?id=jU79Zysihs4&mid=39197&murl=https://www.udemy.com/projects-in-html5,http://www.w3schools.com/HTML/,http://htmldog.com/guides/html/,https://www.youtube.com/playlist?list=PL081AC329706B2953,https://click.linksynergy.com/deeplink?id=jU79Zysihs4&mid=39197&murl=https://www.udemy.com/web-design-for-beginners-real-world-coding-in-html-css/
swift@@$^https://itunes.apple.com/us/course/developing-ios-10-apps-with-swift/id1198467120,http://www.raywenderlich.com,https://click.linksynergy.com/deeplink?id=jU79Zysihs4&mid=39197&murl=https://www.udemy.com/the-complete-ios-10-developer-course-beginner-to-advanced/,http://www.appcoda.com/ios-programming-course/,https://www.objc.io/,https://www.hackingwithswift.com,https://click.linksynergy.com/deeplink?id=jU79Zysihs4&mid=39197&murl=https://www.udemy.com/complete-ios-10-developer-course/,https://flatironschool.com/programs/online-swift-free-course/,https://click.linksynergy.com/deeplink?id=jU79Zysihs4&mid=39197&murl=https://www.udemy.com/iphone-apps-code-design-applications-ios10-swift-3/,https://leanpub.com/ios8daybyday
java@@$^https://click.linksynergy.com/deeplink?id=jU79Zysihs4&mid=40328&murl=https://www.coursera.org/specializations/java-programming,https://www.amazon.com/Head-First-Java-Kathy-Sierra/dp/0596009208/?tag=lenro-20,https://www.youtube.com/playlist?list=PLE7E8B7F4856C9B19,https://www.thenewboston.com/videos.php?cat=31,https://docs.oracle.com/javase/tutorial/,https://click.linksynergy.com/deeplink?id=jU79Zysihs4&mid=39197&murl=https://www.udemy.com/java-the-complete-java-developer-course/,https://www.youtube.com/playlist?list=PLFE2CE09D83EE3E28,http://greenteapress.com/thinkjava/html/index.html,https://www.ktbyte.com/java-tutorial/book,http://www.ibm.com/developerworks/java/tutorials/j-introtojava1/,https://www.udacity.com/course/intro-to-java-programming--cs046
spring@@$^https://click.linksynergy.com/deeplink?id=jU79Zysihs4&mid=39197&murl=https://www.udemy.com/spring-hibernate-tutorial/,http://www.petrikainulainen.net/spring-data-jpa-tutorial/,https://click.linksynergy.com/deeplink?id=jU79Zysihs4&mid=39197&murl=https://www.udemy.com/spring-hibernate-tutorial/,https://www.youtube.com/playlist?list=PLC97BDEFDCDD169D7,https://www.amazon.com/Spring-Action-Craig-Walls/dp/161729120X/?tag=lenro-20,https://click.linksynergy.com/deeplink?id=jU79Zysihs4&mid=39197&murl=https://www.udemy.com/spring-boot-tutorial-for-beginners,https://click.linksynergy.com/deeplink?id=jU79Zysihs4&mid=39197&murl=https://www.udemy.com/spring-web-services-tutorial,https://click.linksynergy.com/deeplink?id=jU79Zysihs4&mid=39197&murl=https://www.udemy.com/java-spring-framework-masterclass/,https://click.linksynergy.com/deeplink?id=jU79Zysihs4&mid=39197&murl=https://www.udemy.com/javaspring/
javascript@@$^https://click.linksynergy.com/deeplink?id=jU79Zysihs4&mid=39197&murl=https://www.udemy.com/the-complete-javascript-course/,http://eloquentjavascript.net/,https://developer.mozilla.org/en-US/docs/Web/JavaScript/Guide,http://javascript.info/,http://addyosmani.com/resources/essentialjsdesignpatterns/book/,https://github.com/getify/You-Dont-Know-JS/blob/master/README.md,https://click.linksynergy.com/deeplink?id=jU79Zysihs4&mid=39197&murl=https://www.udemy.com/understand-javascript/,https://javascript.info/,https://javascript30.com/,https://click.linksynergy.com/deeplink?id=jU79Zysihs4&mid=39197&murl=https://www.udemy.com/the-complete-javascript-course/,http://discover-devtools.codeschool.com/
jquery@@$^http://learn.jquery.com/about-jquery/,http://jqfundamentals.com/,https://click.linksynergy.com/deeplink?id=jU79Zysihs4&mid=39197&murl=https://www.udemy.com/jquery-tutorial/,https://www.youtube.com/playlist?list=PL6B08BAA57B5C7810,http://jqueryenlightenment.com/jquery_enlightenment.pdf,http://www.w3schools.com/jquery/default.asp,https://www.youtube.com/watch?v=v-RC3kJCL4c,http://www.microsoftvirtualacademy.com/training-courses/introduction-to-jquery
kotlin@@$^https://click.linksynergy.com/deeplink?id=jU79Zysihs4&mid=39197&murl=https://www.udemy.com/the-complete-kotlin-developer-course/,https://medium.com/@juanchosaravia/learn-kotlin-while-developing-an-android-app-introduction-567e21ff9664,https://kotlinlang.org/docs/tutorials/,http://treehouse.7eer.net/c/383034/228915/3944?u=https://teamtreehouse.com/library/kotlin-for-java-developers,https://click.linksynergy.com/deeplink?id=jU79Zysihs4&mid=39197&murl=https://www.udemy.com/the-complete-kotlin-developer-course/,https://click.linksynergy.com/deeplink?id=jU79Zysihs4&mid=39197&murl=https://www.udemy.com/kotlin-course/,https://www.manning.com/books/kotlin-in-action?a_aid=hackrio,https://www.youtube.com/watch?v=A2LukgT2mKc,https://www.youtube.com/playlist?list=PLpg00ti3ApRweIhdOI4VCFFStx4uXC__u,https://click.linksynergy.com/deeplink?id=jU79Zysihs4&mid=39197&murl=https://www.udemy.com/kotlinandroid/
mongodb@@$^http://openmymind.net/2011/3/28/The-Little-MongoDB-Book/,https://click.linksynergy.com/deeplink?id=jU79Zysihs4&mid=39197&murl=https://www.udemy.com/the-complete-developers-guide-to-mongodb/,http://docs.mongodb.org/manual/,http://www.youtube.com/playlist?list=PL6gx4Cwl9DGDQ5DrbIl20Zu9hx1IjeVhO,http://www.christof-strauch.de/nosqldbs.pdf,https://university.mongodb.com/courses/M101JS/about,https://www.youtube.com/playlist?list=PL4cUxeGkcC9jpvoYriLI0bY8DOgWZfi6u,http://files2.syncfusion.com/Downloads/Ebooks/MongoDB_Succinctly.pdf
mysql@@$^https://click.linksynergy.com/deeplink?id=jU79Zysihs4&mid=39197&murl=https://www.udemy.com/the-ultimate-mysql-bootcamp-go-from-sql-beginner-to-expert/,https://sysadmincasts.com/episodes/38-crash-course-on-mysql,https://www.digitalocean.com/community/tutorials/a-basic-mysql-tutorial,https://click.linksynergy.com/deeplink?id=jU79Zysihs4&mid=39197&murl=https://www.udemy.com/the-complete-mysql-developer-course/,http://www.ntu.edu.sg/home/ehchua/programming/sql/MySQL_HowTo.html,https://www.youtube.com/playlist?list=PL32BC9C878BA72085,https://click.linksynergy.com/deeplink?id=jU79Zysihs4&mid=40328&murl=https://www.coursera.org/learn/analytics-mysql,https://www.pluralsight.com/paths/mysql,https://www.youtube.com/watch?v=yPu6qV5byu4,http://dev.mysql.com/doc/refman/5.0/en/preface.html
nginx@@$^http://carrot.is/coding/nginx_introduction,https://click.linksynergy.com/deeplink?id=jU79Zysihs4&mid=39197&murl=https://www.udemy.com/nginx-fundamentals/,http://openresty.org/download/agentzh-nginx-tutorials-en.html,https://serversforhackers.com/t/proxies,http://nginx.org/en/docs/beginners_guide.html
node.js@@$^https://click.linksynergy.com/deeplink?id=jU79Zysihs4&mid=39197&murl=https://www.udemy.com/the-complete-nodejs-developer-course-2,http://nodetuts.com/,https://www.thenewboston.com/videos.php?cat=355,http://anotheruiguy.gitbooks.io/nodeexpreslibsass_from-scratch/content/,https://click.linksynergy.com/deeplink?id=jU79Zysihs4&mid=39197&murl=https://www.udemy.com/understand-nodejs/,https://www.youtube.com/playlist?list=PL55RiY5tL51oGJorjEgl6NVeDbx_fO5jR,https://click.linksynergy.com/deeplink?id=jU79Zysihs4&mid=40328&murl=https://www.coursera.org/learn/server-side-development,https://www.youtube.com/playlist?list=PL4cUxeGkcC9gcy9lrvMJ75z9maRw4byYp,https://click.linksynergy.com/deeplink?id=jU79Zysihs4&mid=39197&murl=https://www.udemy.com/node-with-react-fullstack-web-development/,https://nodeschool.io/#workshoppers,https://hyperdev.com/help/learn-node-js-free-beginner-course/
php@@$^http://www.phptherightway.com/,http://www.nusphere.com/php/php_tutorial.htm,http://www.php5-tutorial.com/,https://click.linksynergy.com/deeplink?id=jU79Zysihs4&mid=39197&murl=https://www.udemy.com/php-for-complete-beginners-includes-msql-object-oriented/,https://www.youtube.com/playlist?list=PL442FA2C127377F07,https://www.youtube.com/playlist?list=PL67D94BE42620925B,https://www.youtube.com/playlist?list=PLB62A1B486A575897,https://www.youtube.com/playlist?list=PLillGF-Rfqbap2IB6ZS4BBBcYPagAjpjn,https://www.codecademy.com/learn/php,http://www.phpthewrongway.com/
polymer@@$^https://click.linksynergy.com/deeplink?id=jU79Zysihs4&mid=39197&murl=https://www.udemy.com/learn-and-build-using-polymer/,https://www.youtube.com/playlist?list=PLLnpHn493BHHbOWwQxtGCVfEgWZxxofyA
python@@$^https://click.linksynergy.com/deeplink?id=jU79Zysihs4&mid=39197&murl=https://www.udemy.com/automate/,https://learnpythonthehardway.org/book/,https://developers.google.com/edu/python/,http://automatetheboringstuff.com/,https://click.linksynergy.com/deeplink?id=jU79Zysihs4&mid=39197&murl=https://www.udemy.com/complete-python-bootcamp,https://docs.python.org/3/tutorial/index.html,http://www.diveintopython.net/toc/index.html,http://www.microsoftvirtualacademy.com/training-courses/introduction-to-programming-with-python,http://www.swaroopch.com/notes/python/,http://greenteapress.com/wp/think-python-2e/,https://click.linksynergy.com/deeplink?id=jU79Zysihs4&mid=39197&murl=https://www.udemy.com/python-the-complete-python-developer-course/
react@@$^https://click.linksynergy.com/deeplink?id=jU79Zysihs4&mid=39197&murl=https://www.udemy.com/react-redux-tutorial/,https://github.com/enaqx/awesome-react,https://survivejs.com/react/introduction/,https://click.linksynergy.com/deeplink?id=jU79Zysihs4&mid=39197&murl=https://www.udemy.com/react-redux/,https://reactforbeginners.com,https://www.codecademy.com/learn/react-101,https://click.linksynergy.com/deeplink?id=jU79Zysihs4&mid=39197&murl=https://www.udemy.com/full-stack-universal-react-with-redux-express-and-mongodb/,https://www.fullstackreact.com/articles/react-tutorial-cloning-yelp,https://udacity.com/course/react-nanodegree--nd019/,https://tylermcginnis.com/courses/react-fundamentals/,https://egghead.io/courses/advanced-react-component-patterns
redis@@$^http://try.redis.io/,https://click.linksynergy.com/deeplink?id=jU79Zysihs4&mid=39197&murl=https://www.udemy.com/learn-redis-from-scratch/,http://openmymind.net/2012/1/23/The-Little-Redis-Book/,http://openmymind.net/2011/11/8/Redis-Zero-To-Master-In-30-Minutes-Part-1/
rust@@$^http://rustbyexample.com,https://doc.rust-lang.org/book/,https://www.youtube.com/watch?v=agzf6ftEsLU,https://click.linksynergy.com/deeplink?id=jU79Zysihs4&mid=39197&murl=https://www.udemy.com/rust-lang/,https://www.youtube.com/playlist?list=PLTOeCUgrkpMNEHx6j0vCH0cuyAIVZadnc,http://aml3.github.io/RustTutorial/html/toc.html,https://stepic.org/lesson/Rust-The-Basics-9268/step/1,https://github.com/stevedonovan/gentle-intro,https://click.linksynergy.com/deeplink?id=jU79Zysihs4&mid=39197&murl=https://www.udemy.com/rust-programming-for-beginners/,https://jaredonline.svbtle.com/roguelike-tutorial-in-rust
sass@@$^http://sass-lang.com/documentation/file.SASS_REFERENCE.html,https://www.codecademy.com/learn/learn-sass,https://www.youtube.com/playlist?list=PL2CB1F80266E986EA,https://click.linksynergy.com/deeplink?id=jU79Zysihs4&mid=39197&murl=https://www.udemy.com/sasscourse/,http://sass.codeschool.com/levels/1,https://www.youtube.com/playlist?list=PL6gx4Cwl9DGBxQO2r_kmxn-0UqL_Rkj0t,http://sass-guidelin.es
scala@@$^https://click.linksynergy.com/deeplink?id=jU79Zysihs4&mid=40328&murl=https://www.coursera.org/learn/progfun1,http://www.artima.com/pins1ed/,http://www.scala-lang.org/docu/files/ScalaByExample.pdf,https://click.linksynergy.com/deeplink?id=jU79Zysihs4&mid=39197&murl=https://www.udemy.com/learn-by-example-scala/,https://click.linksynergy.com/deeplink?id=jU79Zysihs4&mid=40328&murl=https://www.coursera.org/learn/progfun1,http://twitter.github.io/scala_school/,https://click.linksynergy.com/deeplink?id=jU79Zysihs4&mid=39197&murl=https://www.udemy.com/scalable-programming-with-scala-and-spark/,http://twitter.github.io/effectivescala/,https://www.youtube.com/playlist?list=PLLMXbkbDbVt9MIJ9DV4ps-_trOzWtphYO,https://www.scala-exercises.org/,http://joelabrahamsson.com/learning-scala/
sql server@@$^https://click.linksynergy.com/deeplink?id=jU79Zysihs4&mid=39197&murl=https://www.udemy.com/microsoft-sql-for-beginners/,http://www.microsoftvirtualacademy.com/training-courses/database-fundamentals,https://click.linksynergy.com/deeplink?id=jU79Zysihs4&mid=39197&murl=https://www.udemy.com/microsoft-sql-server-2012-certification-70-461/,https://click.linksynergy.com/deeplink?id=jU79Zysihs4&mid=39197&murl=https://www.udemy.com/sqldatabases/,https://click.linksynergy.com/deeplink?id=jU79Zysihs4&mid=39197&murl=https://www.udemy.com/sql-server-administration-part1/,https://www.youtube.com/playlist?list=PL08903FB7ACA1C2FB
type script@@$^http://www.apress.com/in/book/9781484232484,https://click.linksynergy.com/deeplink?id=jU79Zysihs4&mid=39197&murl=https://www.udemy.com/understanding-typescript/,http://blog.teamtreehouse.com/getting-started-typescript,https://learnxinyminutes.com/docs/typescript/,https://basarat.gitbooks.io/typescript/content/docs/getting-started.html,https://www.typescriptlang.org/docs/tutorial.html,https://www.youtube.com/watch?v=hADI92zCIvE&list=PLYxzS__5yYQkX-95LHG5EDxPj3tVvVmRd&index=1,https://www.youtube.com/watch?v=NjN00cM18Z4,https://click.linksynergy.com/deeplink?id=jU79Zysihs4&mid=39197&murl=https://www.udemy.com/typescript/,http://www.awin1.com/cread.php?awinmid=6798&awinaffid=428263&p=https://www.edx.org/course/introduction-typescript-microsoft-dev201x-1
visual basic@@$^https://mva.microsoft.com/en-US/training-courses/visual-basic-fundamentals-for-absolute-beginners-16507,https://www.youtube.com/playlist?list=PLGLfVvz_LVvTr9wMK6f9lTzOzSX6a6Pk-,https://click.linksynergy.com/deeplink?id=jU79Zysihs4&mid=39197&murl=https://www.udemy.com/learning-visual-basic-net/,https://www.youtube.com/playlist?list=PLC601DEA22187BBF1,https://click.linksynergy.com/deeplink?id=jU79Zysihs4&mid=39197&murl=https://www.udemy.com/introtovb/
vue@@$^https://vuejs.org/guide/,https://laracasts.com/series/learn-vue-2-step-by-step,https://click.linksynergy.com/deeplink?id=jU79Zysihs4&mid=39197&murl=https://www.udemy.com/vuejs-2-the-complete-guide/,https://www.youtube.com/playlist?list=PL4cUxeGkcC9gQcYgjhBoeQH7wiAyZNrYa,https://www.youtube.com/playlist?list=PL55RiY5tL51p-YU-Uw90qQH419BM4Iz07,https://www.youtube.com/playlist?list=PLwAKR305CRO_1yAao-8aZiQnBqJeyng4O,https://scotch.io/tutorials/build-an-app-with-vue-js-a-lightweight-alternative-to-angularjs,https://www.youtube.com/watch?v=D_z-RAweP1k,https://github.com/jayway/vue-js-workshop,https://medium.com/wdstack/vue-vuex-getting-started-f78c03d9f65
couchdb@@$^http://guide.couchdb.org,https://click.linksynergy.com/deeplink?id=jU79Zysihs4&mid=39197&murl=https://www.udemy.com/learn-nosql-database-design-with-couchdb/
ember@@$^http://ember.vicramon.com/,https://www.ludu.co/course/ember,https://guides.emberjs.com/,http://www.programwitherik.com/blog-tutorial-with-ember-js/
erlang@@$^http://learnyousomeerlang.com/contents,http://www.howistart.org/posts/erlang/1,http://www.erlang.org/course,http://chimera.labs.oreilly.com/books/1234000000726/index.html
less@@$^https://click.linksynergy.com/deeplink?id=jU79Zysihs4&mid=39197&murl=https://www.udemy.com/getting-started-with-less-beginner-crash-course/,https://1stwebdesigner.com/learning-less/,http://lesscss.org/,https://www.youtube.com/playlist?list=PL6gx4Cwl9DGCshbAx1JpBtNoKh8iKAAiy
lua@@$^http://lua-users.org/wiki/LuaTutorial,https://www.amazon.com/exec/obidos/ASIN/8590379868/lua-pilindex-20/?tag=lenro-20,http://nova-fusion.com/2012/08/27/lua-for-programmers-part-1/,http://tylerneylon.com/a/learn-lua/
objective-c@@$^http://tryobjectivec.codeschool.com/,https://www.youtube.com/watch?v=5esQqZIJ83g,https://code.tutsplus.com/series/learn-objective-c--mobile-22891
postgresql@@$^https://pgexercises.com/,https://click.linksynergy.com/deeplink?id=jU79Zysihs4&mid=39197&murl=https://www.udemy.com/the-complete-python-postgresql-developer-course/,http://www.postgresguide.com,http://www.postgresql.org/docs/current/static/tutorial.html
meteor@@$^http://meteortips.com/book/,https://www.meteor.com/install,https://click.linksynergy.com/deeplink?id=jU79Zysihs4&mid=39197&murl=https://www.udemy.com/meteor-react-tutorial/,https://click.linksynergy.com/deeplink?id=jU79Zysihs4&mid=39197&murl=https://www.udemy.com/meteor-react/,https://click.linksynergy.com/deeplink?id=jU79Zysihs4&mid=40328&murl=https://www.coursera.org/learn/meteor-development,https://click.linksynergy.com/deeplink?id=jU79Zysihs4&mid=39197&murl=https://www.udemy.com/create-web-apps-with-meteor-react/?couponCode=NOVESP_27,http://joshowens.me/getting-started-with-meteor-js/,https://www.codementor.io/ethaan/using-meteor-and-react-pt2-du107yhd1,https://www.amazon.com/Meteor-Action-Stephan-Hochhaus/dp/1617292478/?tag=lenro-20,https://www.youtube.com/playlist?list=PLLnpHn493BHECNl9I8gwos-hEfFrer7TV
ruby@@$^https://click.linksynergy.com/deeplink?id=jU79Zysihs4&mid=39197&murl=https://www.udemy.com/learn-to-code-with-ruby-lang/,https://flatironschool.com/programs/online-intro-ruby-free-course/,https://learnrubythehardway.org/book/,http://mrdougwright.gitbooks.io/rubykin/content/,http://mislav.uniqpath.com/poignant-guide/book/,https://click.linksynergy.com/deeplink?id=jU79Zysihs4&mid=39197&murl=https://www.udemy.com/comprehensive-ruby-programming-tutorial/,https://www.codecademy.com/learn/ruby,http://www.humblelittlerubybook.com/book/html/index.html,http://ruby-doc.com/docs/ProgrammingRuby/,https://www.gitbook.com/book/rubyfu/rubyfu/details,https://www.learnruby.today/,https://www.ruby-lang.org/en/documentation/quickstart/
rails@@$^https://click.linksynergy.com/deeplink?id=jU79Zysihs4&mid=39197&murl=https://www.udemy.com/the-complete-ruby-on-rails-developer-course/,https://www.railstutorial.org/book,http://railscasts.com/,http://guides.rubyonrails.org/,https://www.theodinproject.com/courses/ruby-on-rails,https://click.linksynergy.com/deeplink?id=jU79Zysihs4&mid=39197&murl=https://www.udemy.com/pro-rubyonrails/,https://click.linksynergy.com/deeplink?id=jU79Zysihs4&mid=39197&murl=https://www.udemy.com/the-complete-ruby-on-rails-developer-course/,https://click.linksynergy.com/deeplink?id=jU79Zysihs4&mid=40328&murl=https://www.coursera.org/learn/ruby-on-rails-intro,https://www.railstutorial.org/book/frontmatter,http://guides.railsgirls.com/,https://www.youtube.com/playlist?list=PLSXDqiI4sC5PsASjJy7dBncALnhjud2fx
